recognition_id,recognizer_id,recognized_employee_id,recognition_type,points,recognition_date,message
REC0001,EMP011,EMP014,TEAMWORK,10,2026-09-29,Recognized for teamwork.
REC0002,EMP012,EMP021,TEAMWORK,10,2026-09-28,Recognized for teamwork.
REC0003,EMP013,EMP028,COLLABORATION,10,2026-09-27,Recognized for collaboration.
REC0004,EMP021,EMP035,CUSTOMER_EXCELLENCE,15,2026-09-26,Recognized for customer excellence.
REC0005,EMP022,EMP042,INNOVATION,20,2026-09-25,Recognized for innovation.
REC0006,EMP999,EMP049,OWNERSHIP,10,2026-09-24,Recognized for ownership.
REC0007,EMP032,EMP016,LEADERSHIP,15,2026-09-23,Recognized for leadership.
REC0008,EMP041,EMP023,MENTORSHIP,10,2026-09-22,Recognized for mentorship.
REC0009,EMP042,EMP030,TEAMWORK,10,2026-09-21,Recognized for teamwork.
REC0010,EMP043,EMP037,TEAMWORK,10,2026-09-20,Recognized for teamwork.
REC0011,EMP015,EMP044,COLLABORATION,10,2026-09-19,Recognized for collaboration.
REC0012,EMP025,EMP011,CUSTOMER_EXCELLENCE,15,2026-09-18,Recognized for customer excellence.
REC0013,EMP035,EMP018,INNOVATION,20,2026-09-17,Recognized for innovation.
REC0014,EMP045,EMP025,OWNERSHIP,10,2026-09-16,Recognized for ownership.
REC0015,EMP011,EMP032,LEADERSHIP,15,2026-09-15,Recognized for leadership.
REC0016,EMP012,EMP039,MENTORSHIP,10,2026-09-14,Recognized for mentorship.
REC0017,EMP013,EMP046,TEAMWORK,10,2026-09-13,Recognized for teamwork.
REC0018,EMP021,EMP013,TEAMWORK,10,2026-09-12,Recognized for teamwork.
REC0019,EMP022,EMP020,COLLABORATION,10,2026-09-11,Recognized for collaboration.
REC0020,EMP031,EMP027,CUSTOMER_EXCELLENCE,15,2026-09-10,Recognized for customer excellence.
REC0021,EMP032,EMP034,INNOVATION,20,2026-09-09,Recognized for innovation.
REC0022,EMP041,EMP042,OWNERSHIP,10,2026-09-08,Recognized for ownership.
REC0023,EMP042,EMP048,LEADERSHIP,15,2026-09-07,Recognized for leadership.
REC0024,EMP043,EMP015,MENTORSHIP,10,2026-09-06,Recognized for mentorship.
REC0025,EMP015,EMP022,TEAMWORK,10,2026-09-05,Recognized for teamwork.
REC0026,EMP025,EMP029,TEAMWORK,-10,2026-09-04,Recognized for teamwork.
REC0027,EMP035,EMP036,COLLABORATION,10,2026-09-03,Recognized for collaboration.
REC0028,EMP045,EMP043,CUSTOMER_EXCELLENCE,15,2026-09-02,Recognized for customer excellence.
REC0029,EMP011,EMP050,INNOVATION,20,2026-09-01,Recognized for innovation.
REC0030,EMP012,EMP017,OWNERSHIP,10,2026-09-29,Recognized for ownership.
REC0031,EMP013,EMP024,LEADERSHIP,15,2026-09-28,Recognized for leadership.
REC0032,EMP021,EMP031,MENTORSHIP,10,2026-09-27,Recognized for mentorship.
REC0033,EMP022,EMP038,TEAMWORK,10,2026-09-26,Recognized for teamwork.
REC0034,EMP031,EMP045,TEAMWORK,10,2026-09-25,Recognized for teamwork.
REC0035,EMP032,EMP012,COLLABORATION,10,2026-09-24,Recognized for collaboration.
REC0036,EMP041,EMP019,CUSTOMER_EXCELLENCE,15,2026-07-26,Recognized for customer excellence.
REC0037,EMP042,EMP026,INNOVATION,20,2026-07-25,Recognized for innovation.
REC0038,EMP043,EMP033,OWNERSHIP,10,2026-07-24,Recognized for ownership.
REC0039,EMP015,EMP040,LEADERSHIP,15,2026-07-23,Recognized for leadership.
REC0040,EMP025,EMP047,MENTORSHIP,10,2026-07-22,Recognized for mentorship.
REC0041,EMP035,EMP014,TEAMWORK,10,2026-07-21,Recognized for teamwork.
REC0042,EMP045,EMP021,TEAMWORK,10,2026-07-20,Recognized for teamwork.
REC0043,EMP011,EMP028,COLLABORATION,10,2026-07-19,Recognized for collaboration.
REC0044,EMP012,EMP035,CUSTOMER_EXCELLENCE,15,2026-07-18,Recognized for customer excellence.
REC0045,EMP013,EMP042,INNOVATION,20,2026-07-17,Recognized for innovation.
REC0046,EMP021,EMP049,OWNERSHIP,10,2026-08-30,Recognized for ownership.
REC0047,EMP022,EMP016,LEADERSHIP,15,2026-08-29,Recognized for leadership.
REC0048,EMP031,EMP023,MENTORSHIP,10,2026-08-28,Recognized for mentorship.
REC0049,EMP032,EMP030,TEAMWORK,10,2026-08-27,Recognized for teamwork.
REC0050,EMP041,EMP037,TEAMWORK,10,2026-08-26,Recognized for teamwork.
REC0051,EMP042,EMP044,COLLABORATION,10,2026-08-25,Recognized for collaboration.
REC0052,EMP043,EMP011,CUSTOMER_EXCELLENCE,15,2026-08-24,Recognized for customer excellence.
REC0053,EMP015,EMP018,INNOVATION,20,2026-08-23,Recognized for innovation.
REC0054,EMP025,EMP026,OWNERSHIP,10,2026-08-22,Recognized for ownership.
REC0055,EMP035,EMP032,LEADERSHIP,15,2026-08-21,Recognized for leadership.
REC0056,EMP045,EMP039,UNKNOWN_TYPE,10,2026-08-20,Recognized for mentorship.
REC0057,EMP011,EMP046,TEAMWORK,10,2026-08-19,Recognized for teamwork.
REC0058,EMP012,EMP013,TEAMWORK,10,2026-08-18,Recognized for teamwork.
REC0059,EMP013,EMP020,COLLABORATION,10,2026-08-17,Recognized for collaboration.
REC0060,EMP021,EMP027,CUSTOMER_EXCELLENCE,15,2026-08-16,Recognized for customer excellence.
REC0061,EMP022,EMP034,INNOVATION,20,2026-08-15,Recognized for innovation.
REC0062,EMP031,EMP041,OWNERSHIP,10,2026-08-14,Recognized for ownership.
REC0063,EMP032,EMP048,LEADERSHIP,15,2026-08-13,Recognized for leadership.
REC0064,EMP041,EMP015,MENTORSHIP,10,2026-08-12,Recognized for mentorship.
REC0065,EMP042,EMP022,TEAMWORK,10,2026-08-11,Recognized for teamwork.
REC0066,EMP043,EMP029,TEAMWORK,10,2026-08-10,Recognized for teamwork.
REC0067,EMP015,EMP036,COLLABORATION,10,2026-08-09,Recognized for collaboration.
REC0068,EMP025,EMP043,CUSTOMER_EXCELLENCE,15,2026-08-08,Recognized for customer excellence.
REC0069,EMP035,EMP050,INNOVATION,20,2026-08-07,Recognized for innovation.
REC0070,EMP045,EMP017,OWNERSHIP,10,2026-08-06,Recognized for ownership.
REC0071,EMP011,EMP024,LEADERSHIP,15,2026-08-05,Recognized for leadership.
REC0072,EMP012,EMP031,MENTORSHIP,10,2026-08-04,Recognized for mentorship.
REC0073,EMP013,EMP038,TEAMWORK,10,2026-08-03,Recognized for teamwork.
REC0074,EMP021,EMP045,TEAMWORK,10,2026-08-02,Recognized for teamwork.
REC0075,EMP022,EMP012,COLLABORATION,10,2026-08-01,Recognized for collaboration.
REC0075,EMP031,EMP019,CUSTOMER_EXCELLENCE,15,2026-07-31,Recognized for customer excellence.
REC0077,EMP032,EMP026,INNOVATION,20,2026-07-30,Recognized for innovation.
REC0078,EMP041,EMP033,OWNERSHIP,10,2026-07-29,Recognized for ownership.
REC0079,EMP042,EMP040,LEADERSHIP,15,2026-07-28,Recognized for leadership.
REC0080,EMP043,EMP047,MENTORSHIP,10,2026-07-27,Recognized for mentorship.
REC0081,EMP015,EMP014,TEAMWORK,10,2026-07-26,Recognized for teamwork.
REC0082,EMP025,EMP021,TEAMWORK,10,2026-07-25,Recognized for teamwork.
REC0083,EMP035,EMP028,COLLABORATION,10,2026-07-24,Recognized for collaboration.
REC0084,EMP045,EMP035,CUSTOMER_EXCELLENCE,15,2026-07-23,Recognized for customer excellence.
REC0085,EMP011,EMP042,INNOVATION,20,2026-07-22,Recognized for innovation.
REC0086,EMP012,EMP049,OWNERSHIP,10,2026-07-11,Recognized for ownership.
REC0087,EMP013,EMP016,LEADERSHIP,15,2026-07-10,Recognized for leadership.
REC0088,EMP021,EMP023,MENTORSHIP,10,2026-07-09,Recognized for mentorship.
REC0089,EMP022,EMP030,TEAMWORK,10,2026-07-08,Recognized for teamwork.
REC0090,EMP031,EMP037,TEAMWORK,10,2026-07-07,Recognized for teamwork.
REC0091,EMP032,EMP044,COLLABORATION,10,2026-07-06,Recognized for collaboration.
REC0092,EMP041,EMP011,CUSTOMER_EXCELLENCE,15,2026-07-05,Recognized for customer excellence.
REC0093,EMP042,EMP018,INNOVATION,20,2026-07-04,Recognized for innovation.
REC0094,EMP043,EMP025,OWNERSHIP,10,2026-07-03,Recognized for ownership.
REC0095,EMP015,EMP032,LEADERSHIP,15,2026-07-02,Recognized for leadership.
REC0096,EMP025,EMP039,MENTORSHIP,10,2026-10-09,Recognized for mentorship.
REC0097,EMP035,EMP046,TEAMWORK,10,2026-07-16,Recognized for teamwork.
REC0098,EMP045,EMP013,TEAMWORK,10,2026-07-15,Recognized for teamwork.
REC0099,EMP011,EMP020,COLLABORATION,10,2026-07-14,Recognized for collaboration.
REC0100,EMP012,EMP027,CUSTOMER_EXCELLENCE,15,2026-07-13,Recognized for customer excellence.
REC0101,EMP013,EMP034,INNOVATION,20,2026-07-12,Recognized for innovation.
REC0102,EMP021,EMP041,OWNERSHIP,10,2026-07-11,Recognized for ownership.
REC0103,EMP022,EMP048,LEADERSHIP,15,2026-07-10,Recognized for leadership.
REC0104,EMP031,EMP015,MENTORSHIP,10,2026-07-09,Recognized for mentorship.
REC0105,EMP032,EMP022,TEAMWORK,10,2026-07-08,Recognized for teamwork.
REC0106,EMP041,EMP029,TEAMWORK,10,2026-07-07,Recognized for teamwork.
REC0107,EMP042,EMP036,COLLABORATION,10,2026-07-06,Recognized for collaboration.
REC0108,EMP043,EMP044,CUSTOMER_EXCELLENCE,15,2026-07-05,Recognized for customer excellence.
REC0109,EMP015,EMP050,INNOVATION,20,2026-07-04,Recognized for innovation.
REC0110,EMP025,EMP017,OWNERSHIP,10,2026-07-03,Recognized for ownership.
REC0111,EMP035,EMP024,LEADERSHIP,15,2026-07-02,Recognized for leadership.
REC0112,EMP045,EMP031,MENTORSHIP,10,2026-07-01,Recognized for mentorship.
REC0113,EMP011,EMP038,TEAMWORK,10,2026-07-16,Recognized for teamwork.
REC0114,EMP012,EMP045,TEAMWORK,10,2026-07-15,Recognized for teamwork.
REC0115,EMP013,EMP012,COLLABORATION,10,2026-07-14,Recognized for collaboration.
REC0116,EMP021,EMP019,CUSTOMER_EXCELLENCE,15,2026-07-13,Recognized for customer excellence.
REC0117,EMP022,EMP026,INNOVATION,20,2026-07-12,Recognized for innovation.
REC0118,EMP031,EMP033,OWNERSHIP,10,2026-07-11,Recognized for ownership.
REC0119,EMP032,EMP040,LEADERSHIP,15,2026-07-10,Recognized for leadership.
REC0120,EMP041,EMP047,MENTORSHIP,10,2026-07-09,Recognized for mentorship.
REC0121,EMP007,EMP010,TEAMWORK,10,2026-06-30,Historical recognition for teamwork.
REC0122,EMP012,EMP021,COLLABORATION,10,2026-06-29,Historical recognition for collaboration.
REC0123,EMP017,EMP032,INNOVATION,20,2026-06-28,Historical recognition for innovation.
REC0124,EMP022,EMP043,LEADERSHIP,15,2026-06-27,Historical recognition for leadership.
REC0125,EMP027,EMP004,CUSTOMER_EXCELLENCE,15,2026-06-26,Historical recognition for customer excellence.
REC0126,EMP032,EMP015,TEAMWORK,10,2026-06-25,Historical recognition for teamwork.
REC0127,EMP037,EMP026,COLLABORATION,10,2026-06-24,Historical recognition for collaboration.
REC0128,EMP042,EMP037,INNOVATION,20,2026-06-23,Historical recognition for innovation.
REC0129,EMP047,EMP048,LEADERSHIP,15,2026-06-22,Historical recognition for leadership.
REC0130,EMP002,EMP009,CUSTOMER_EXCELLENCE,15,2026-06-21,Historical recognition for customer excellence.
REC0131,EMP007,EMP020,TEAMWORK,10,2026-06-20,Historical recognition for teamwork.
REC0132,EMP012,EMP031,COLLABORATION,10,2026-06-19,Historical recognition for collaboration.
REC0133,EMP017,EMP042,INNOVATION,20,2026-06-18,Historical recognition for innovation.
REC0134,EMP022,EMP003,LEADERSHIP,15,2026-06-17,Historical recognition for leadership.
REC0135,EMP027,EMP014,CUSTOMER_EXCELLENCE,15,2026-06-16,Historical recognition for customer excellence.
REC0136,EMP032,EMP025,TEAMWORK,10,2026-06-15,Historical recognition for teamwork.
REC0137,EMP037,EMP036,COLLABORATION,10,2026-06-14,Historical recognition for collaboration.
REC0138,EMP042,EMP047,INNOVATION,20,2026-06-13,Historical recognition for innovation.
REC0139,EMP047,EMP008,LEADERSHIP,15,2026-06-12,Historical recognition for leadership.
REC0140,EMP002,EMP019,CUSTOMER_EXCELLENCE,15,2026-06-11,Historical recognition for customer excellence.
REC0141,EMP007,EMP030,TEAMWORK,10,2026-06-10,Historical recognition for teamwork.
REC0142,EMP012,EMP041,COLLABORATION,10,2026-06-09,Historical recognition for collaboration.
REC0143,EMP017,EMP002,INNOVATION,20,2026-06-08,Historical recognition for innovation.
REC0144,EMP022,EMP013,LEADERSHIP,15,2026-06-07,Historical recognition for leadership.
REC0145,EMP027,EMP024,CUSTOMER_EXCELLENCE,15,2026-06-06,Historical recognition for customer excellence.
REC0146,EMP032,EMP035,TEAMWORK,10,2026-06-05,Historical recognition for teamwork.
REC0147,EMP037,EMP046,COLLABORATION,10,2026-06-04,Historical recognition for collaboration.
REC0148,EMP042,EMP007,INNOVATION,20,2026-06-03,Historical recognition for innovation.
REC0149,EMP047,EMP018,LEADERSHIP,15,2026-06-02,Historical recognition for leadership.
REC0150,EMP002,EMP029,CUSTOMER_EXCELLENCE,15,2026-06-01,Historical recognition for customer excellence.
REC0151,EMP007,EMP040,TEAMWORK,10,2026-05-31,Historical recognition for teamwork.
REC0152,EMP012,EMP001,COLLABORATION,10,2026-05-30,Historical recognition for collaboration.
REC0153,EMP017,EMP012,INNOVATION,20,2026-05-29,Historical recognition for innovation.
REC0154,EMP022,EMP023,LEADERSHIP,15,2026-05-28,Historical recognition for leadership.
REC0155,EMP027,EMP034,CUSTOMER_EXCELLENCE,15,2026-05-27,Historical recognition for customer excellence.
REC0156,EMP032,EMP045,TEAMWORK,10,2026-05-26,Historical recognition for teamwork.
REC0157,EMP037,EMP006,COLLABORATION,10,2026-05-25,Historical recognition for collaboration.
REC0158,EMP042,EMP017,INNOVATION,20,2026-05-24,Historical recognition for innovation.
REC0159,EMP047,EMP028,LEADERSHIP,15,2026-05-23,Historical recognition for leadership.
REC0160,EMP002,EMP039,CUSTOMER_EXCELLENCE,15,2026-05-22,Historical recognition for customer excellence.
REC0161,EMP007,EMP050,TEAMWORK,10,2026-05-21,Historical recognition for teamwork.
REC0162,EMP012,EMP011,COLLABORATION,10,2026-05-20,Historical recognition for collaboration.
REC0163,EMP017,EMP022,INNOVATION,20,2026-05-19,Historical recognition for innovation.
REC0164,EMP022,EMP033,LEADERSHIP,15,2026-05-18,Historical recognition for leadership.
REC0165,EMP027,EMP044,CUSTOMER_EXCELLENCE,15,2026-05-17,Historical recognition for customer excellence.
REC0166,EMP032,EMP005,TEAMWORK,10,2026-05-16,Historical recognition for teamwork.
REC0167,EMP037,EMP016,COLLABORATION,10,2026-05-15,Historical recognition for collaboration.
REC0168,EMP042,EMP027,INNOVATION,20,2026-05-14,Historical recognition for innovation.
REC0169,EMP047,EMP038,LEADERSHIP,15,2026-05-13,Historical recognition for leadership.
REC0170,EMP002,EMP049,CUSTOMER_EXCELLENCE,15,2026-05-12,Historical recognition for customer excellence.
REC0171,EMP007,EMP010,TEAMWORK,10,2026-05-11,Historical recognition for teamwork.
REC0172,EMP012,EMP021,COLLABORATION,10,2026-05-10,Historical recognition for collaboration.
REC0173,EMP017,EMP032,INNOVATION,20,2026-05-09,Historical recognition for innovation.
REC0174,EMP022,EMP043,LEADERSHIP,15,2026-05-08,Historical recognition for leadership.
REC0175,EMP027,EMP004,CUSTOMER_EXCELLENCE,15,2026-05-07,Historical recognition for customer excellence.
REC0176,EMP032,EMP015,TEAMWORK,10,2026-05-06,Historical recognition for teamwork.
REC0177,EMP037,EMP026,COLLABORATION,10,2026-05-05,Historical recognition for collaboration.
REC0178,EMP042,EMP037,INNOVATION,20,2026-05-04,Historical recognition for innovation.
REC0179,EMP047,EMP048,LEADERSHIP,15,2026-05-03,Historical recognition for leadership.
REC0180,EMP002,EMP009,CUSTOMER_EXCELLENCE,15,2026-05-02,Historical recognition for customer excellence.
REC0181,EMP007,EMP020,TEAMWORK,10,2026-05-01,Historical recognition for teamwork.
REC0182,EMP012,EMP031,COLLABORATION,10,2026-04-30,Historical recognition for collaboration.
REC0183,EMP017,EMP042,INNOVATION,20,2026-04-29,Historical recognition for innovation.
REC0184,EMP022,EMP003,LEADERSHIP,15,2026-04-28,Historical recognition for leadership.
REC0185,EMP027,EMP014,CUSTOMER_EXCELLENCE,15,2026-04-27,Historical recognition for customer excellence.
REC0186,EMP032,EMP025,TEAMWORK,10,2026-04-26,Historical recognition for teamwork.
REC0187,EMP037,EMP036,COLLABORATION,10,2026-04-25,Historical recognition for collaboration.
REC0188,EMP042,EMP047,INNOVATION,20,2026-04-24,Historical recognition for innovation.
REC0189,EMP047,EMP008,LEADERSHIP,15,2026-04-23,Historical recognition for leadership.
REC0190,EMP002,EMP019,CUSTOMER_EXCELLENCE,15,2026-04-22,Historical recognition for customer excellence.
REC0191,EMP007,EMP030,TEAMWORK,10,2026-04-21,Historical recognition for teamwork.
REC0192,EMP012,EMP041,COLLABORATION,10,2026-04-20,Historical recognition for collaboration.
REC0193,EMP017,EMP002,INNOVATION,20,2026-04-19,Historical recognition for innovation.
REC0194,EMP022,EMP013,LEADERSHIP,15,2026-04-18,Historical recognition for leadership.
REC0195,EMP027,EMP024,CUSTOMER_EXCELLENCE,15,2026-04-17,Historical recognition for customer excellence.
REC0196,EMP032,EMP035,TEAMWORK,10,2026-04-16,Historical recognition for teamwork.
REC0197,EMP037,EMP046,COLLABORATION,10,2026-04-15,Historical recognition for collaboration.
REC0198,EMP042,EMP007,INNOVATION,20,2026-04-14,Historical recognition for innovation.
REC0199,EMP047,EMP018,LEADERSHIP,15,2026-04-13,Historical recognition for leadership.
REC0200,EMP002,EMP029,CUSTOMER_EXCELLENCE,15,2026-04-12,Historical recognition for customer excellence.
